board_rank,name,pos,team,bye,inj,proj_ppr,proj_half,proj_std,adp_ppr,adp_half,adp_std,adp_ppr_sleeper,adp_ppr_espn,adp_sources,gp,rec,rec_yd,rec_td,rush_att,rush_yd,rush_td,pass_yd,pass_td,pass_int,sleeper_id,espn_id
1,Jahmyr Gibbs,RB,DET,6,,332.9,299.9,268.4,1.3,1.6,1.7,1.3,1.8,4,16,63,517,3.0,260,1253,12.6,,,,9221,
2,Bijan Robinson,RB,ATL,11,,305.0,292.9,260.9,2.4,2.8,1.6,2.0,3.1,4,16,54,480,2.6,268,1308,9.8,,,,9509,
3,Jaxon Smith-Njigba,WR,SEA,11,,275.1,235.1,185.6,4.8,5.7,7.5,6.3,4.8,4,16,96,1278,8.4,6,33,,,,,9488,
4,Ja'Marr Chase,WR,CIN,6,Questionable,293.4,256.6,202.1,6.0,5.9,6.8,3.8,7.2,4,15,106,1252,10.3,2,12,0.1,,,,7564,
5,Puka Nacua,WR,LAR,11,,292.5,259.0,205.5,6.0,5.8,6.5,4.3,6.7,3,16,101,1320,8.6,10,57,1.0,,,,9493,
6,Jonathan Taylor,RB,IND,13,,259.5,254.3,236.3,7.3,6.1,3.8,7.5,8.2,4,16,36,287,1.0,271,1251,10.9,,,,6813,4242335
7,Amon-Ra St. Brown,WR,DET,6,,263.3,227.5,174.5,8.0,8.3,11.7,7.4,9.5,4,16,100,1154,7.9,3,16,,,,,7547,
8,Christian McCaffrey,RB,SF,8,,277.8,256.0,221.0,8.4,7.4,6.8,5.9,9.4,3,16,63,545,3.4,222,932,8.1,,,,4034,3117251
9,CeeDee Lamb,WR,DAL,14,Questionable,262.9,222.5,174.5,8.6,10.2,11.2,10.3,10.6,3,16,97,1174,7.7,3,17,0.2,,,,6786,4241389
10,James Cook,RB,BUF,7,,244.6,245.3,229.8,12.5,10.3,8.3,9.0,13.4,4,16,29,238,1.6,255,1220,10.4,,,,8138,
11,Kenneth Walker,RB,KC,5,,263.8,225.5,207.0,14.4,14.4,14.0,19.6,14.1,4,16,38,298,2.3,261,1184,10.8,,,,8151,
12,Derrick Henry,RB,BAL,13,,251.6,238.4,229.9,14.5,13.6,8.5,18.4,15.2,4,16,18,149,0.9,284,1349,13.3,,,,3198,3043078
13,Justin Jefferson,WR,MIN,6,Questionable,241.6,205.4,160.4,16.2,15.8,17.3,12.2,17.5,3,15,88,1111,7.1,1,6,,,,,6794,4262921
14,Ashton Jeanty,RB,LV,13,Questionable,239.9,228.7,204.2,17.6,19.1,16.7,15.2,23.0,4,15,51,405,2.2,234,958,6.9,,,,12527,
15,Josh Allen,QB,BUF,7,,323.5,361.5,361.5,18.7,19.5,21.9,21.1,13.5,4,16,,,,103,477,10.8,3411,22.9,10,4984,3918298
16,Chase Brown,RB,CIN,6,,235.9,226.7,198.2,19.8,18.5,18.1,14.5,23.8,3,16,56,369,2.4,212,898,6.9,,,,9224,
17,Brock Bowers,TE,LV,13,,217.1,180.5,134.5,20.3,25.2,32.8,23.9,22.9,3,16,86,921,6.4,4,16,,,,,11604,
18,Drake London,WR,ATL,11,,228.5,205.2,160.2,22.0,22.6,21.1,20.2,22.8,3,16,81,1094,5.9,2,13,0.2,,,,8112,
19,Chris Olave,WR,NO,8,,230.2,194.9,153.9,22.4,22.1,23.5,30.4,23.8,3,16,83,1067,6.6,1,6,,,,,8144,
20,Nico Collins,WR,HOU,8,,238.6,220.0,178.0,24.1,22.8,24.4,23.8,26.5,3,16,80,1116,7.4,3,18,0.1,,,,7569,
21,Trey McBride,TE,ARI,14,,229.4,186.9,138.9,24.9,28.8,34.1,25.8,21.3,4,16,96,902,7.2,,,,,,,8130,
22,Saquon Barkley,RB,PHI,10,Out,211.6,228.2,209.7,24.9,22.6,19.4,11.8,30.8,3,15,30,228,1.6,240,1096,6.8,,,,4866,3929630
23,Javonte Williams,RB,DAL,14,,219.5,193.0,174.0,27.1,25.6,23.2,31.7,32.6,3,16,38,230,1.0,238,978,9.4,,,,7588,
24,Kyren Williams,RB,LAR,11,,215.6,192.0,176.0,28.2,24.7,17.8,26.1,33.2,4,16,39,252,2.2,203,902,8.4,,,,8150,
25,Omarion Hampton,RB,LAC,7,,194.2,218.9,194.9,28.9,29.4,26.2,15.6,33.0,4,16,33,244,1.2,210,905,7.0,,,,12507,
26,De'Von Achane,RB,MIA,6,IR,257.4,229.9,202.4,29.2,29.5,9.6,13.2,45.2,2,18,55,416,2.0,239,1168,6.0,,,,9226,
27,Jeremiyah Love,RB,ARI,14,,194.1,188.3,164.8,30.0,30.7,25.8,28.1,35.6,4,16,40,291,1.7,200,861,5.0,,,,13287,
28,George Pickens,WR,DAL,14,,210.8,205.7,165.7,31.5,32.6,32.8,22.6,34.8,3,16,71,1014,6.3,1,6,,,,,8137,
29,Malik Nabers,WR,NYG,8,,204.3,193.7,150.7,33.1,32.8,31.3,27.2,44.0,3,16,74,963,5.4,3,17,,,,,11632,
30,A.J. Brown,WR,NE,11,IR,154.9,140.0,113.0,33.6,29.7,28.0,17.9,48.0,3,14,52,750,4.5,1,5,,,,,5859,4047646
31,Zay Flowers,WR,BAL,13,Questionable,219.8,187.7,147.2,33.9,33.2,32.9,41.9,35.8,3,15,76,1090,5.2,6,37,0.4,,,,9997,
32,Lamar Jackson,QB,BAL,13,Out,283.5,326.0,326.0,34.2,35.3,31.2,31.3,33.2,3,15,,,,98,576,4.1,3164,22.4,7,4881,3916387
33,Tetairoa McMillan,WR,CAR,5,,215.8,184.5,146.0,35.5,36.0,32.9,37.2,42.2,3,16,73,1030,6.4,1,6,,,,,12526,
34,Garrett Wilson,WR,NYJ,13,,209.6,183.4,141.9,36.4,37.0,33.9,45.2,38.1,3,16,82,954,5.4,3,16,,,,,8146,
35,Breece Hall,RB,NYJ,13,Out,202.8,192.5,174.0,38.8,37.8,28.6,34.2,52.1,3,15,36,297,1.7,207,902,6.5,,,,8155,
36,Rashee Rice,WR,KC,5,Questionable,209.9,185.3,141.3,40.9,41.5,41.1,29.7,44.9,3,16,79,898,6.7,6,29,,,,,10229,
37,Tee Higgins,WR,CIN,6,Questionable,201.1,186.9,149.4,42.7,43.7,33.5,36.0,58.0,3,15,69,945,6.1,1,6,,,,,6801,4239993
38,DeVonta Smith,WR,PHI,10,Out,203.3,189.2,149.2,43.9,39.4,44.3,33.9,52.9,3,15,75,944,5.7,1,6,,,,,7525,
39,Davante Adams,WR,LAR,11,,193.8,161.0,129.5,45.2,44.0,38.8,50.9,44.8,3,16,61,860,7.7,,,,,,,2133,16800
40,D'Andre Swift,RB,CHI,10,,191.8,189.5,171.0,46.7,45.4,39.9,49.5,62.3,4,16,32,252,0.9,202,898,6.9,,,,6790,4259545
41,Bucky Irving,RB,TB,10,,197.2,179.3,161.3,48.7,50.3,39.8,43.1,64.1,3,16,35,259,1.6,222,967,5.5,,,,11584,
42,Cam Skattebo,RB,NYG,8,,181.4,180.2,159.2,50.1,49.3,42.4,39.2,60.0,3,16,33,241,0.8,213,874,5.8,,,,12481,
43,Joe Burrow,QB,CIN,6,,276.8,306.1,306.1,52.2,52.9,52.7,51.2,55.5,3,16,,,,43,144,1.8,3728,29.8,9,6770,3915511
44,Tyler Warren,TE,IND,13,,177.1,159.6,118.1,52.3,58.2,65.4,47.4,56.5,3,16,76,726,4.2,6,21,0.5,,,,12518,
45,Quinshon Judkins,RB,CLE,11,,193.5,180.0,164.0,53.5,51.3,46.2,54.2,59.4,3,16,36,254,1.3,224,896,6.1,,,,12512,
46,Bhayshul Tuten,RB,JAX,7,,179.2,158.8,142.8,55.7,54.5,43.1,62.0,74.1,3,16,28,215,1.1,202,868,6.3,,,,12490,
47,Jaylen Waddle,WR,DEN,10,,185.1,182.5,144.0,56.8,54.5,46.4,44.6,78.0,4,16,67,862,5.0,2,14,0.1,,,,7526,
48,Emeka Egbuka,WR,TB,10,,176.1,185.5,147.0,57.4,53.0,52.0,38.6,65.6,3,16,60,843,5.1,2,15,0.1,,,,12514,
49,Christian Watson,WR,GB,11,,196.8,176.1,144.6,57.9,60.0,47.5,66.0,79.1,4,16,63,939,6.6,2,14,,,,,8167,
50,Colston Loveland,TE,CHI,10,,168.2,173.4,131.4,58.6,61.1,65.8,39.0,58.7,3,16,64,735,5.0,1,4,,,,,12517,
51,George Kittle,TE,SF,8,,176.4,138.3,107.3,59.2,60.8,71.6,79.5,54.0,3,16,62,781,6.0,,,,,,,4217,3040151
52,Parker Washington,WR,JAX,7,,198.8,176.4,140.4,62.4,64.0,59.1,71.5,84.5,4,16,65,865,6.9,6,33,0.1,,,,9487,
53,Ladd McConkey,WR,LAC,7,Questionable,183.8,187.7,147.2,62.6,56.7,54.6,35.7,78.0,3,15,67,853,5.2,2,12,,,,,11635,
54,David Montgomery,RB,HOU,8,,181.3,190.1,174.1,62.6,62.1,52.9,46.0,90.2,4,16,28,201,0.8,207,860,7.3,,,,5892,4035538
55,Chuba Hubbard,RB,CAR,5,,167.9,136.9,125.9,64.3,62.0,58.9,81.8,81.3,4,16,25,170,1.2,200,857,5.8,,,,7594,
56,Drake Maye,QB,NE,11,,274.4,320.8,320.8,64.7,65.6,56.8,47.0,71.2,3,16,,,,81,427,3.0,3505,24.2,12,11564,
57,Sam LaPorta,TE,DET,6,,179.2,158.5,120.5,64.8,66.6,74.0,57.5,79.8,3,16,69,739,6.1,1,3,,,,,10859,
58,Travis Etienne,RB,NO,8,IR,165.1,189.7,171.7,65.3,63.4,48.0,42.3,73.7,3,14,30,231,1.5,181,757,4.7,,,,7543,
59,DJ Moore,WR,BUF,7,Questionable,168.8,147.5,116.0,66.3,60.6,55.4,53.6,85.3,3,15,58,801,4.6,6,32,0.4,,,,4983,3915416
60,Jaylen Warren,RB,PIT,9,,175.8,152.6,134.6,68.6,67.1,46.5,70.7,93.0,3,16,39,305,1.4,169,762,4.0,,,,8228,
61,Jayden Daniels,QB,WAS,7,,283.4,308.7,308.7,71.0,72.2,71.3,68.2,67.9,3,16,,,,118,658,4.3,3161,20.2,8,11566,
62,Dak Prescott,QB,DAL,14,,270.0,303.9,303.9,71.3,74.0,76.8,77.7,80.1,3,16,,,,43,164,1.5,3777,27.1,10,3294,2577417
63,Luther Burden,WR,CHI,10,,181.2,173.0,137.0,71.3,72.8,52.3,56.0,99.0,3,16,64,805,5.1,9,50,0.3,,,,12519,
64,Jalen Hurts,QB,PHI,10,,271.8,310.5,310.5,73.5,73.8,73.8,58.2,77.3,3,16,,,,98,425,7.2,3146,19.3,9,6904,4040715
65,Mike Evans,WR,SF,8,,197.8,187.2,152.2,73.9,73.7,59.4,63.5,97.1,3,16,63,921,7.0,,,,,,,2216,16737
66,Michael Wilson,WR,ARI,14,,182.2,136.5,107.0,75.4,76.8,63.3,87.5,97.7,3,16,65,844,5.4,1,6,,,,,10232,
67,Jameson Williams,WR,DET,6,,170.6,176.2,146.2,76.1,75.1,65.8,59.6,89.8,3,16,53,833,5.3,8,44,,,,,8148,
68,Brock Purdy,QB,SF,8,,281.2,303.2,303.2,76.7,78.6,77.6,122.2,58.8,3,16,,,,61,262,3.1,3650,27.2,11,8183,
69,Terry McLaurin,WR,WAS,7,Questionable,192.4,176.8,139.8,76.7,76.7,60.9,55.4,92.7,3,15,65,925,5.8,1,7,,,,,5927,3121422
70,TreVeyon Henderson,RB,NE,11,,149.0,153.5,136.0,76.8,77.7,56.0,60.5,107.6,4,16,26,194,0.8,163,721,4.6,,,,12529,
71,Carnell Tate,WR,TEN,9,Questionable,177.7,144.8,112.3,78.1,78.8,66.3,69.0,102.4,3,15,64,874,4.3,2,10,,,,,13279,
72,Patrick Mahomes,QB,KC,5,,264.2,286.7,286.7,80.1,87.0,91.4,110.6,74.8,3,16,,,,47,219,1.7,3569,26.4,10,4046,3139477
73,Harold Fannin,TE,CLE,11,,167.8,143.4,106.4,81.5,83.2,74.3,73.6,85.0,3,16,67,682,5.2,6,25,,,,,12506,
74,Tucker Kraft,TE,GB,11,,157.5,140.9,107.4,83.4,86.5,71.8,63.7,113.4,3,16,63,695,4.0,3,10,0.1,,,,9484,
75,Caleb Williams,QB,CHI,10,Questionable,250.4,299.3,299.3,83.8,84.9,84.4,71.0,116.4,3,15,,,,67,356,2.8,3205,21.4,8,11560,
76,Los Angeles Rams,DEF,LAR,11,,106.0,106.0,106.0,84.1,95.4,110.1,84.1,,1,1,,,,,,,,,,LAR,
77,DK Metcalf,WR,PIT,9,,168.4,152.3,121.3,84.8,85.9,68.8,75.7,103.8,3,16,56,803,5.3,2,10,,,,,5846,4047650
78,Rome Odunze,WR,CHI,10,,172.6,173.9,139.9,85.3,75.7,67.4,65.9,98.0,3,16,55,830,5.7,1,6,,,,,11620,
79,Rhamondre Stevenson,RB,NE,11,Questionable,165.8,154.5,140.0,86.0,76.2,62.3,78.7,110.4,3,15,33,257,1.3,165,693,5.3,,,,7611,
80,Travis Kelce,TE,KC,5,,157.4,136.4,101.4,87.7,100.3,109.5,89.3,89.8,3,16,62,685,4.6,,,,,,,1466,15847
81,Trevor Lawrence,QB,JAX,7,,276.5,303.4,303.4,89.4,87.8,84.8,102.9,100.4,3,16,,,,65,281,4.0,3491,25.9,11,7523,
82,Josh Jacobs,RB,GB,11,NA,131.8,127.9,116.4,90.3,91.4,74.0,52.2,124.8,3,14,24,171,0.9,145,602,4.3,,,,5850,4047365
83,Jadarian Price,RB,SEA,11,IR,137.3,160.5,151.0,94.9,90.8,91.6,61.7,114.6,4,14,17,134,0.9,167,720,5.1,,,,13286,
84,Houston Texans,DEF,HOU,8,,104.0,104.0,104.0,95.9,103.7,114.4,95.9,,1,1,,,,,,,,,,HOU,
85,Brandon Aubrey,K,DAL,14,,128.0,116.0,116.0,96.1,116.8,114.0,90.1,77.2,3,16,,,,,,,,,,11533,
86,Tony Pollard,RB,TEN,9,,166.8,146.1,132.1,96.2,93.1,73.2,85.7,114.0,3,16,29,185,0.7,203,854,5.2,,,,5967,3916148
87,RJ Harvey,RB,DEN,10,,145.9,125.6,107.1,96.7,97.7,63.2,82.8,136.2,3,16,45,330,2.2,98,403,2.6,,,,12489,
88,Aaron Jones,RB,MIN,6,,146.9,120.1,103.1,97.3,93.3,83.5,127.2,110.8,3,16,36,278,1.3,133,578,3.2,,,,4199,3042519
89,Matthew Golden,WR,GB,11,,170.9,141.0,112.0,98.3,95.7,100.5,126.1,110.8,3,16,58,806,4.9,5,33,0.1,,,,12501,
90,Kyle Pitts,TE,ATL,11,,131.8,138.6,105.6,98.8,100.6,106.9,67.1,103.3,3,16,51,606,3.4,,,,,,,7553,
91,Marvin Harrison,WR,ARI,14,Out,132.6,155.2,124.2,99.4,98.5,84.4,76.1,118.2,3,16,44,620,4.5,,,,,,,11628,
92,Matthew Stafford,QB,LAR,11,,250.6,280.2,280.2,99.8,103.0,91.5,94.8,117.7,3,16,,,,25,28,0.6,3734,28.7,11,421,12483
93,Kyle Monangai,RB,CHI,10,Out,136.7,143.1,131.6,102.0,99.7,66.6,107.5,126.6,3,15,19,146,0.8,149,672,5.3,,,,12534,
94,Stefon Diggs,WR,WAS,7,Out,143.5,125.3,93.3,102.1,109.1,104.6,103.2,119.3,4,15,59,638,3.5,1,6,,,,,2449,2976212
95,Seattle Seahawks,DEF,SEA,11,,103.0,103.0,103.0,103.0,113.1,118.0,103.0,,1,1,,,,,,,,,,SEA,
96,Dalton Kincaid,TE,BUF,7,,142.1,130.6,97.6,105.6,102.3,103.3,87.6,128.7,4,16,57,655,3.3,,,,,,,10236,
97,Isaiah Likely,TE,NYG,8,,160.4,126.3,95.3,106.0,106.6,123.0,105.5,115.4,3,16,64,694,4.6,,,,,,,8131,
98,Brian Thomas,WR,JAX,7,,147.3,164.4,133.4,106.2,114.5,92.8,74.7,138.6,4,16,47,682,5.3,3,17,,,,,11631,
99,Jared Goff,QB,DET,6,,256.9,283.5,283.5,107.4,110.9,98.5,131.4,123.8,3,16,,,,26,44,0.8,3779,27.8,8,3163,3046779
100,Jaxson Dart,QB,NYG,8,IR,296.5,296.5,296.5,109.0,115.9,106.0,97.4,120.5,2,18,,,,106,539,6.0,3366,22.0,12,12508,
101,Rico Dowdle,RB,PIT,9,Questionable,129.8,142.1,123.1,109.0,107.2,84.6,86.6,134.5,3,15,29,206,0.9,135,579,3.0,,,,7021,4038815
102,Jalen Coker,WR,CAR,5,Out,173.4,135.9,105.9,109.1,114.4,101.4,146.2,129.2,4,16,64,779,5.2,1,6,,,,,11646,
103,Justin Herbert,QB,LAC,7,,238.0,295.5,295.5,109.2,109.5,103.8,83.3,125.3,3,16,,,,64,313,2.3,3358,20.0,11,6797,4038941
104,Deebo Samuel,WR,SF,8,,154.0,127.7,99.7,112.3,113.4,109.7,130.5,125.5,3,16,51,604,4.4,20,114,1.1,,,,5872,3126486
105,Courtland Sutton,WR,DEN,10,,154.5,144.8,115.3,113.7,114.5,92.0,79.4,120.8,3,16,51,696,5.6,,,,,,,5045,3128429
106,Denver Broncos,DEF,DEN,10,,96.0,96.0,96.0,114.3,121.4,128.2,114.3,,1,1,,,,,,,,,,DEN,
107,J.K. Dobbins,RB,DEN,10,,150.3,147.2,134.2,114.4,111.6,91.7,91.5,135.6,3,16,19,135,0.7,181,789,5.7,,,,6806,4241985
108,Josh Downs,WR,IND,13,,153.4,137.3,102.3,116.4,116.8,104.4,113.4,134.9,3,16,63,703,3.3,2,13,,,,,9500,
109,Jonathon Brooks,RB,CAR,5,IR,154.9,137.9,120.9,116.8,111.0,143.7,98.9,134.6,2,18,34,245,1.0,160,684,4.0,,,,11583,
110,Jordan Addison,WR,MIN,6,Questionable,156.9,141.7,111.7,117.5,118.2,98.6,101.7,135.8,3,15,55,737,4.4,3,16,0.1,,,,9756,
111,Bo Nix,QB,DEN,10,,255.1,295.7,295.7,118.0,119.0,112.4,116.5,132.4,3,16,,,,68,284,3.3,3399,22.3,11,11563,
112,Ollie Gordon,RB,MIA,6,,82.8,21.7,20.2,119.0,301.3,88.0,,150.0,2,16,12,89,0.5,99,413,3.2,,,,12495,
113,Cameron Dicker,K,LAC,7,,109.6,106.0,106.0,119.2,129.3,129.2,118.9,119.6,2,16,,,,,,,,,,8259,
114,Blake Corum,RB,LAR,11,,120.1,127.8,120.3,120.1,121.2,96.0,100.9,145.5,3,16,14,98,0.4,148,654,5.2,,,,11586,
115,Chris Godwin,WR,TB,10,,131.8,139.6,105.6,122.8,109.4,100.5,92.7,142.7,3,16,54,581,3.0,3,18,0.2,,,,4037,3116165
116,Jason Myers,K,SEA,11,,112.9,111.0,111.0,122.8,131.2,131.9,124.1,121.6,2,16,,,,,,,,,,2747,2473037
117,Philadelphia Eagles,DEF,PHI,10,,98.0,98.0,98.0,123.4,132.0,125.0,123.4,,1,1,,,,,,,,,,PHI,
118,Jake Ferguson,TE,DAL,14,,125.6,124.8,89.8,126.1,132.6,118.5,99.1,139.3,3,16,55,468,4.2,,,,,,,8110,
119,Wan'Dale Robinson,WR,TEN,9,,144.6,135.2,99.7,126.2,126.6,116.7,121.8,128.8,3,16,62,637,2.8,3,18,0.1,,,,8126,
120,Dallas Goedert,TE,PHI,10,,138.4,109.5,83.0,126.5,129.3,109.3,119.1,135.5,3,16,55,598,4.0,,,,,,,5022,3121023
121,Jordan Mason,RB,MIN,6,IR,138.6,143.7,133.7,126.6,118.2,98.5,109.5,163.3,3,15,16,109,0.7,172,756,5.6,,,,8408,
122,Tyler Shough,QB,NO,8,,255.9,270.9,270.9,127.0,131.4,121.8,182.5,114.0,4,16,,,,68,288,2.9,3467,22.6,10,12545,
123,Jacory Croskey-Merritt,RB,WAS,7,,116.7,118.4,108.9,127.1,122.4,99.2,115.3,149.1,3,16,14,100,0.7,148,631,4.5,,,,12533,
124,Mark Andrews,TE,BAL,13,,150.1,132.5,102.5,128.4,128.2,108.5,125.5,138.6,3,16,57,597,5.5,6,12,,,,,5012,3116365
125,KC Concepcion,WR,CLE,11,,146.4,127.4,98.4,130.0,124.0,118.3,119.4,157.7,3,16,57,663,3.0,9,51,0.3,,,,13298,
126,Kenny Gainwell,RB,TB,10,,123.6,128.8,105.3,130.9,129.1,121.5,111.6,128.2,3,16,39,290,1.7,78,330,2.2,,,,7567,
127,Jordyn Tyson,WR,NO,8,IR,106.0,90.5,70.0,131.1,131.7,85.7,117.5,167.9,3,14,37,488,3.3,1,6,,,,,13281,
128,Cam Little,K,JAX,7,,119.0,112.0,112.0,131.8,138.3,153.4,132.5,131.1,2,16,,,,,,,,,,11786,
129,Michael Pittman,WR,PIT,9,Out,135.2,136.4,101.9,131.9,132.6,120.8,106.6,121.0,3,15,56,603,3.1,1,7,,,,,6819,4035687
130,Alec Pierce,WR,IND,13,IR,143.2,150.9,123.9,132.0,131.1,103.8,95.6,138.5,3,14,46,715,4.3,1,7,,,,,8142,
131,Makai Lemon,WR,PHI,10,,130.9,138.5,108.5,132.1,130.9,131.8,93.8,152.5,3,16,46,605,3.8,3,14,0.1,,,,13294,
132,Jakobi Meyers,WR,JAX,7,,154.9,137.3,105.3,132.7,134.5,106.1,129.8,133.2,3,16,57,650,5.2,3,15,0.1,,,,5947,3916433
133,Zach Charbonnet,RB,SEA,11,PUP,108.2,61.7,56.2,132.7,129.9,107.9,151.8,153.4,3,15,18,131,0.8,112,465,4.5,,,,9753,
134,Jayden Reed,WR,GB,11,IR,197.6,162.6,127.6,132.8,114.7,99.2,108.0,157.7,2,18,70,853,6.0,14,83,,,,,10222,
135,Juwan Johnson,TE,NO,8,,137.2,112.9,84.9,133.7,129.8,98.8,175.1,131.0,3,16,54,570,4.4,,,,,,,7002,3929645
136,Romeo Doubs,WR,NE,11,,139.8,132.7,104.2,133.8,133.1,117.8,133.2,150.1,3,16,49,647,4.5,,,,,,,8121,
137,Xavier Worthy,WR,KC,5,,144.8,134.0,106.5,134.4,132.6,109.4,134.2,142.0,3,16,48,643,4.3,17,90,1.0,,,,11624,
138,Denzel Boston,WR,CLE,11,,144.6,108.2,81.7,134.7,134.4,122.2,170.5,142.7,3,16,53,676,3.9,2,13,,,,,13346,
139,Ka'imi Fairbairn,K,HOU,8,,116.2,113.0,113.0,134.9,141.7,156.5,127.9,141.9,2,16,,,,,,,,,,3451,2971573
140,New England Patriots,DEF,NE,11,,92.0,92.0,92.0,135.5,137.8,145.5,135.5,,1,1,,,,,,,,,,NE,
141,Baltimore Ravens,DEF,BAL,13,,95.0,95.0,95.0,135.6,136.0,138.8,135.6,,1,1,,,,,,,,,,BAL,
142,MarShawn Lloyd,RB,GB,11,,100.6,137.0,125.0,139.1,123.6,126.4,137.0,136.2,3,16,18,125,0.8,117,491,3.1,,,,11581,
143,Woody Marks,RB,HOU,8,,92.0,74.3,64.8,139.7,136.4,115.6,148.8,161.4,3,16,20,152,1.0,97,384,2.3,,,,12474,
144,Alvin Kamara,RB,NO,8,Questionable,88.0,53.0,43.0,140.2,139.8,108.7,166.2,156.3,3,15,26,175,0.9,73,299,1.8,,,,4035,3054850
145,Jordan Love,QB,GB,11,,243.2,278.5,278.5,140.4,139.0,114.4,159.5,159.7,3,16,,,,40,155,1.4,3599,24.0,10,6804,4036378
146,Tyler Allgeier,RB,ARI,14,,90.6,72.7,68.2,140.5,136.6,100.2,143.4,167.2,3,16,17,118,0.7,104,429,3.0,,,,8132,
147,Rachaad White,RB,WAS,7,,113.8,111.1,94.1,140.6,135.7,127.8,140.4,143.4,3,16,31,218,1.2,98,401,2.5,,,,8136,
148,Kirk Cousins,QB,LV,13,,56.5,39.2,39.2,142.0,322.2,124.0,,161.0,2,12,,,,8,11,0.3,936,6.4,4,1166,14880
149,Quentin Johnston,WR,LAC,7,Out,125.0,134.9,105.9,145.7,143.0,120.4,111.2,153.8,3,15,42,593,3.5,4,21,0.2,,,,9754,
150,T.J. Hockenson,TE,MIN,6,,142.4,122.0,89.0,145.8,151.4,123.8,163.3,154.1,3,16,65,582,3.3,,,,,,,5844,4036133
151,Bryce Young,QB,CAR,5,,236.2,235.6,235.6,146.1,148.9,143.9,226.3,122.0,3,16,,,,45,221,2.5,3258,21.7,10,9228,
152,Khalil Shakir,WR,BUF,7,,150.2,135.2,99.7,146.2,148.0,134.6,145.7,143.8,3,16,62,669,3.6,2,10,,,,,8134,
153,Brian Robinson,RB,ATL,11,,86.9,63.4,56.9,146.3,146.6,95.0,171.8,157.1,3,16,12,90,0.6,104,440,3.3,,,,8154,
154,Mike Washington,RB,LV,13,,79.8,89.5,81.5,146.7,141.0,137.4,139.6,168.4,3,16,11,82,0.6,98,410,2.6,,,,13305,
155,Kyler Murray,QB,MIN,6,,250.2,283.1,283.1,150.2,150.0,147.4,151.6,152.1,3,16,,,,74,438,2.8,3218,19.6,10,5849,3917315
156,Harrison Mevis,K,LAR,11,,111.6,106.0,106.0,150.8,152.1,154.2,156.5,145.0,2,16,,,,,,,,,,12015,
157,Kenyon Sadiq,TE,NYJ,13,,109.2,80.2,60.2,151.5,157.6,115.8,169.7,162.7,3,16,44,459,3.0,2,6,0.1,,,,13330,
158,Jake Bates,K,DET,6,,110.0,105.0,105.0,152.9,157.2,175.9,147.3,158.5,2,16,,,,,,,,,,11539,
159,Will Shipley,RB,PHI,10,,57.2,28.8,23.8,154.1,331.3,139.0,,169.1,2,16,15,115,0.6,47,198,1.4,,,,11577,
160,Pittsburgh Steelers,DEF,PIT,9,,88.0,88.0,88.0,154.5,159.3,178.4,154.5,,1,1,,,,,,,,,,PIT,
161,Sam Darnold,QB,SEA,11,,234.7,262.7,262.7,154.9,158.9,155.7,162.8,158.9,3,16,,,,39,124,1.3,3439,24.4,11,4943,3912547
162,Minnesota Vikings,DEF,MIN,6,,92.0,92.0,92.0,155.3,156.0,154.4,155.3,,1,1,,,,,,,,,,MIN,
163,Harrison Butker,K,KC,5,,109.2,100.0,100.0,156.2,164.4,155.2,161.6,150.8,2,16,,,,,,,,,,4227,3055899
164,Will Reichard,K,MIN,6,,116.2,109.0,109.0,156.3,156.0,174.0,172.4,140.2,2,16,,,,,,,,,,11792,
165,Mike Gesicki,TE,CIN,6,,94.4,83.9,62.9,156.9,324.5,146.0,,167.8,2,16,37,368,3.5,,,,,,,4993,3116164
166,Dontayvion Wicks,WR,PHI,10,,91.7,57.4,44.4,157.3,173.4,148.0,,166.6,2,16,33,431,2.6,1,8,,,,,9486,
167,Jacksonville Jaguars,DEF,JAX,7,,91.0,91.0,91.0,157.7,158.0,170.1,157.7,,1,1,,,,,,,,,,JAX,
168,Malik Washington,WR,MIA,6,,134.4,107.3,83.3,158.5,161.2,134.0,175.5,166.0,3,16,48,548,2.4,21,115,1.0,,,,11610,
169,Keaton Mitchell,RB,LAC,7,,98.3,87.9,78.9,158.7,153.4,135.1,183.8,168.3,3,16,21,152,1.0,88,426,2.5,,,,9511,
170,Hunter Henry,TE,NE,11,,126.5,124.5,95.5,159.6,162.0,132.9,141.5,163.3,3,16,49,539,4.0,,,,,,,3214,3046439
171,Chris Boswell,K,PIT,9,,106.3,107.0,107.0,159.8,176.6,151.4,153.1,166.5,2,16,,,,,,,,,,1945,17372
172,Baker Mayfield,QB,TB,10,Out,207.1,274.9,274.9,160.2,166.6,150.0,143.5,167.1,3,14,,,,51,257,1.7,3015,17.6,10,4892,3052587
173,Brenton Strange,TE,JAX,7,,144.2,129.5,98.0,161.2,163.8,131.3,159.1,165.6,3,16,56,613,4.5,,,,,,,9480,
174,Braelon Allen,RB,NYJ,13,,73.7,47.2,42.2,161.6,155.1,123.3,207.8,165.1,3,16,13,95,0.6,78,321,2.8,,,,11576,
175,Deshaun Watson,QB,CLE,11,,161.9,102.1,102.1,161.8,326.4,158.0,,165.6,2,16,,,,59,279,2.0,2158,13.0,7,4017,3122840
176,De'Zhaun Stribling,WR,SF,8,IR,128.4,105.4,82.4,163.0,147.2,175.2,138.4,156.6,3,18,46,584,4.0,,,,,,,13417,
177,Chris Rodriguez,RB,JAX,7,,100.4,125.0,117.5,163.1,158.0,160.2,142.0,168.4,3,16,9,65,0.2,134,574,4.7,,,,10219,
178,Kaelon Black,RB,SF,8,,68.6,67.2,61.7,166.1,162.0,155.0,174.5,168.8,3,16,9,68,0.4,85,352,2.8,,,,13414,
179,C.J. Stroud,QB,HOU,8,,225.5,247.8,247.8,166.3,168.4,151.7,201.2,160.8,3,16,,,,45,187,1.4,3397,19.8,9,9758,
180,Darren Waller,TE,CAR,5,,107.3,99.1,75.6,166.3,337.9,165.0,,168.6,2,16,41,445,3.6,,,,,,,2505,2576925
181,Tyler Loop,K,BAL,13,,110.5,106.0,106.0,166.6,173.0,150.4,178.4,154.7,2,16,,,,,,,,,,12711,
182,Detroit Lions,DEF,DET,6,,92.0,92.0,92.0,167.6,173.4,157.9,167.6,,1,1,,,,,,,,,,DET,
183,Dalton Schultz,TE,HOU,8,,128.0,118.9,86.9,168.3,177.5,128.8,179.2,165.8,3,16,57,544,2.8,,,,,,,5001,3117256
184,Devaughn Vele,WR,NO,8,,108.0,89.6,68.6,168.3,315.1,155.8,239.8,162.2,3,16,41,460,3.4,1,10,,,,,11834,
185,Darnell Washington,TE,PIT,9,,77.5,68.6,52.1,168.4,421.6,,,168.4,1,16,31,307,2.7,,,,,,,9479,
186,Evan McPherson,K,CIN,6,,108.8,106.0,106.0,168.5,155.4,207.4,180.5,156.5,2,16,,,,,,,,,,7839,
187,Rashid Shaheed,WR,SEA,11,,126.5,115.6,93.1,168.7,168.2,151.6,150.6,166.4,3,16,38,605,3.6,8,48,0.3,,,,8676,
188,Michael Mayer,TE,LV,13,,92.2,63.8,46.8,168.7,344.7,169.0,,168.3,2,16,40,392,2.2,,,,,,,9482,
189,Justice Hill,RB,BAL,13,,64.2,55.7,43.7,169.2,195.4,,,169.2,1,16,20,161,0.9,37,161,1.1,,,,5995,4038441
190,Dawson Knox,TE,BUF,7,,56.5,62.4,48.4,169.2,426.4,,,169.2,1,16,21,220,2.2,,,,,,,5906,3930086
191,KaVontae Turpin,WR,DAL,14,,47.8,61.0,50.5,169.2,431.3,,,169.2,1,16,13,169,1.3,10,58,0.7,,,,8917,
192,Samaje Perine,RB,CIN,6,,71.2,62.8,55.8,169.4,399.5,,,169.4,1,16,16,124,0.8,62,261,1.9,,,,4147,3116389
193,Cole Kmet,TE,CHI,10,,56.1,62.7,45.7,169.4,426.3,,,169.4,1,16,24,235,1.4,,,,,,,6826,4258595
194,Ty Johnson,RB,BUF,7,,57.9,47.3,38.8,169.5,418.8,,,169.5,1,16,19,156,1.1,27,114,0.9,,,,6039,3915411
195,Evan Engram,TE,DEN,10,,68.3,55.2,39.7,169.6,434.6,,,169.6,1,16,31,281,1.5,,,,,,,4066,3051876
196,Tyquan Thornton,WR,KC,5,Out,62.6,52.6,42.6,169.6,434.1,,,169.6,1,18,20,306,2.0,,,,,,,8188,
197,Daniel Carlson,K,NO,8,,106.0,104.0,104.0,169.6,416.4,,,169.6,1,16,,,,,,,,,,5095,3051909
198,Jahan Dotson,WR,ATL,11,,77.2,58.2,45.2,169.7,428.0,,,169.7,1,16,27,365,2.2,2,16,,,,,8119,
199,Noah Gray,TE,KC,5,,56.3,47.1,35.1,169.7,426.5,,,169.7,1,16,23,228,1.8,,,,,,,7828,
200,DeMario Douglas,WR,NE,11,,78.8,65.9,51.4,169.8,433.4,,,169.8,1,16,29,363,2.0,5,34,,,,,9501,
201,Xavier Legette,WR,CAR,5,IR,66.0,54.0,42.0,169.8,428.1,,,169.8,1,18,24,290,2.0,1,10,,,,,11626,
202,Emari Demercado,RB,,,,58.0,49.5,41.0,169.8,424.1,,,169.8,1,18,17,119,1.0,42,171,1.0,,,,11199,
203,Carson Beck,QB,ARI,14,,54.9,54.9,54.9,169.8,431.2,,,169.8,1,18,,,,12,38,1.0,778,5.0,4,13272,
204,Justin Fields,QB,KC,5,,34.7,34.7,34.7,169.8,426.6,,,169.8,1,18,,,,18,102,1.0,363,2.0,2,7591,
205,Oronde Gadsden,TE,LAC,7,,109.5,113.8,85.8,169.9,181.0,136.6,149.2,170.5,3,16,43,473,3.1,,,,,,,12493,
206,Andrei Iosivas,WR,CIN,6,IR,91.3,75.3,59.3,169.9,435.4,,,169.9,1,18,32,403,3.0,2,10,,,,,10226,
207,Xavier Hutchinson,WR,HOU,8,,71.7,29.7,22.7,169.9,424.5,,,169.9,1,16,24,365,1.7,3,18,0.1,,,,10218,
208,Kevin Coleman,WR,MIA,6,,43.6,26.4,20.4,169.9,422.3,,,169.9,1,16,17,219,0.8,,,,,,,13338,
209,Chris Brooks,RB,GB,11,Out,42.8,49.3,42.3,169.9,432.6,,,169.9,1,15,11,74,0.2,39,162,1.3,,,,11370,
210,Seth McGowan,RB,IND,13,,39.8,32.8,29.3,169.9,431.2,,,169.9,1,16,7,47,0.2,47,197,1.3,,,,13424,
211,Elijah Arroyo,TE,SEA,11,,39.5,57.7,43.2,169.9,418.8,,,169.9,1,16,16,170,1.1,,,,,,,12521,
212,LeQuint Allen,RB,JAX,7,,35.2,47.2,38.2,169.9,429.9,,,169.9,1,16,12,86,0.7,18,75,0.5,,,,12544,
213,Isaiah Davis,RB,NYJ,13,,34.1,54.0,47.5,169.9,432.6,,,169.9,1,10,7,51,0.0,35,150,1.2,,,,11571,
214,Eddy Pineiro,K,SF,8,,110.2,101.0,101.0,169.9,163.1,178.7,187.9,151.8,2,16,,,,,,,,,,5189,4034949
215,Rasheen Ali,RB,BAL,13,,38.7,32.7,26.7,170.0,426.0,,,170.0,1,18,12,87,,29,120,1.0,,,,11570,
216,Emanuel Wilson,RB,SEA,11,,41.5,51.0,45.5,170.3,175.5,130.3,250.3,160.7,3,10,7,56,0.1,48,196,1.5,,,,11435,
217,Tyjae Spears,RB,TEN,9,,100.1,97.1,79.6,170.7,171.6,152.6,164.9,163.3,3,16,30,220,0.9,78,331,1.9,,,,9508,
218,Jonah Coleman,RB,DEN,10,IR,63.9,58.9,53.9,170.8,164.5,147.2,165.6,168.8,3,18,10,75,1.0,72,304,2.0,,,,13345,
219,Los Angeles Chargers,DEF,LAC,7,,86.0,86.0,86.0,173.0,157.7,192.5,173.0,,1,1,,,,,,,,,,LAC,
220,Cyrus Allen,WR,KC,5,,60.9,77.5,60.5,173.4,174.9,,177.0,169.9,2,16,22,275,2.0,,,,,,,13413,
221,Tre Tucker,WR,LV,13,,120.9,102.9,79.9,173.9,167.1,169.2,203.9,166.7,3,16,43,576,3.0,7,37,,,,,10213,
222,Ja'Kobi Lane,WR,BAL,13,IR,104.9,87.4,69.9,174.3,170.9,181.7,158.7,169.1,3,18,35,453,4.0,1,6,,,,,13293,
223,Tank Dell,WR,HOU,8,IR,51.9,43.4,34.9,175.1,176.5,178.9,189.7,164.6,3,18,17,218,2.0,2,11,,,,,9502,
224,Tank Bigsby,RB,PHI,10,IR,65.2,61.2,57.2,175.4,161.4,146.5,181.7,169.2,2,18,8,59,,82,353,3.0,,,,9225,
225,Geno Smith,QB,NYJ,13,,208.7,222.5,222.5,176.3,203.2,184.0,,169.6,2,16,,,,42,156,1.1,3226,19.6,11,1373,15864
226,Emmett Johnson,RB,KC,5,,65.2,59.2,53.2,176.3,166.8,133.2,206.0,169.0,3,16,12,92,0.8,64,271,2.1,,,,13337,
227,Keenan Allen,WR,IND,13,Questionable,110.4,84.8,62.8,176.4,170.5,172.0,199.4,168.8,3,15,48,468,2.7,,,,,,,1479,15818
228,Keon Coleman,WR,BUF,7,,96.6,71.3,56.8,176.5,179.0,167.2,234.8,165.8,3,16,33,431,3.4,3,13,,,,,11637,
229,Jalen Nailor,WR,LV,13,Out,98.6,107.6,84.6,177.9,170.4,197.3,185.9,169.8,2,15,34,450,3.1,3,19,,,,,8180,
230,Tyrone Tracy,RB,NYG,8,,67.2,100.8,90.3,178.3,160.8,109.5,186.9,169.7,2,16,15,112,0.7,67,286,1.6,,,,11655,
231,Jerry Jeudy,WR,CLE,11,,90.0,98.1,76.6,178.8,190.9,140.7,188.9,168.7,2,16,32,435,2.3,1,5,,,,,6783,4241463
232,Isiah Pacheco,RB,DET,6,IR,53.6,48.6,43.6,179.1,179.2,151.4,191.2,166.9,2,18,10,73,,67,263,2.0,,,,8205,
233,AJ Barner,TE,SEA,11,,123.6,113.4,84.4,179.8,189.0,156.9,183.4,167.9,3,16,48,473,3.9,7,13,0.6,,,,11603,
234,Chig Okonkwo,TE,WAS,7,,110.1,113.6,83.1,180.2,179.9,136.9,190.8,169.7,2,16,47,464,2.8,,,,,,,8210,
235,Mack Hollins,WR,NE,11,Out,61.7,47.6,37.6,180.5,352.7,191.0,,170.0,2,15,22,278,1.9,1,6,,,,,4177,2991662
236,Daniel Jones,QB,IND,13,,196.2,223.5,223.5,181.0,186.5,185.1,202.4,167.6,3,16,,,,44,174,2.3,3070,16.0,11,5870,3917792
237,Omar Cooper,WR,NYJ,13,IR,127.1,104.6,82.1,181.5,182.8,150.9,193.2,169.8,2,18,45,567,4.0,3,14,,,,,13276,
238,Trey Smack,K,GB,11,,90.3,70.0,70.0,181.8,182.8,330.0,194.9,168.7,2,16,,,,,,,,,,13545,
239,Tyreek Hill,WR,,,,93.7,77.2,60.7,183.8,185.3,144.9,225.7,,2,18,33,422,3.0,1,5,,,,,3321,3116406
240,Michael Penix,QB,ATL,11,,164.1,143.2,143.2,184.0,339.3,193.3,227.9,168.2,3,16,,,,28,98,1.2,2606,14.3,8,11559,
241,Fernando Mendoza,QB,LV,13,,171.5,212.2,212.2,184.4,186.8,188.5,199.8,168.9,2,13,,,,42,184,1.6,2386,15.7,9,13269,
242,Malik Willis,QB,MIA,6,,223.0,270.1,270.1,184.6,182.8,159.4,207.6,169.2,3,16,,,,96,537,3.7,2795,13.2,8,8161,
243,Caleb Douglas,WR,MIA,6,Out,95.2,77.8,60.8,184.6,185.2,186.0,198.1,169.7,3,15,35,463,2.4,,,,,,,13296,
244,Jacoby Brissett,QB,ARI,14,,183.7,160.0,160.0,185.4,187.5,174.2,243.0,168.2,3,16,,,,38,139,1.3,2675,18.0,8,3257,2578570
245,Aaron Rodgers,QB,PIT,9,,185.5,177.0,177.0,186.5,188.7,163.0,228.8,167.6,3,16,,,,21,73,0.5,2926,19.0,8,96,8439
246,Kayshon Boutte,WR,HOU,8,,94.2,104.7,84.2,186.8,179.5,164.4,197.3,170.1,3,16,32,450,2.9,,,,,,,9504,
247,Cooper Kupp,WR,SEA,11,,81.9,70.4,54.4,186.8,190.6,186.3,196.5,167.0,3,16,30,357,2.8,,,,,,,4039,2977187
248,Terrance Ferguson,TE,LAR,11,IR,79.9,82.8,65.3,187.2,186.2,141.1,205.3,169.2,2,14,28,329,3.1,,,,,,,12487,
249,Adonai Mitchell,WR,NYJ,13,Out,111.5,80.8,63.3,188.1,185.3,163.1,231.0,168.4,3,15,37,541,3.4,1,10,,,,,11625,
250,Jalen McMillan,WR,TB,10,IR,127.4,105.4,83.4,189.0,189.6,144.9,210.9,167.1,2,18,44,561,4.0,6,33,,,,,11618,
251,Tre' Harris,WR,LAC,7,,102.6,93.4,73.9,189.0,188.2,172.3,230.5,170.4,3,16,37,491,2.7,1,6,,,,,12509,
252,Dylan Sampson,RB,CLE,11,IR,88.7,77.2,65.7,189.6,182.1,128.5,209.5,169.6,2,18,23,176,1.0,78,321,2.0,,,,12469,
253,Zachariah Branch,WR,ATL,11,,59.1,63.5,48.5,190.7,199.1,185.1,211.7,169.7,2,16,22,276,1.5,,,,,,,13320,
254,Antonio Williams,WR,WAS,7,,78.6,61.2,47.2,190.8,191.6,161.2,235.8,169.7,3,16,28,355,2.4,2,13,,,,,13301,
255,Jauan Jennings,WR,MIN,6,,68.0,86.2,66.7,191.2,199.8,123.2,212.8,169.5,2,16,26,308,1.9,,,,,,,7049,3886598
256,Jake Elliott,K,PHI,10,,96.3,90.0,90.0,191.4,430.9,231.9,214.4,168.3,2,16,,,,,,,,,,4195,3050478
257,Cam Ward,QB,TEN,9,,200.7,227.8,227.8,191.6,191.0,183.6,229.8,168.9,3,16,,,,43,179,2.1,3168,15.5,10,12522,
258,Jaylin Noel,WR,HOU,8,,77.8,69.2,53.2,191.7,417.0,190.1,213.7,169.7,2,16,28,332,1.6,10,53,0.4,,,,12536,
259,Andy Borregales,K,NE,11,,96.0,96.0,96.0,191.7,229.6,157.2,191.7,,1,18,,,,,,,,,,12713,
260,Chase McLaughlin,K,TB,10,,104.0,105.0,105.0,192.6,191.6,199.2,219.2,165.9,2,16,,,,,,,,,,6650,3150744
261,Malachi Fields,WR,NYG,8,,101.8,86.2,67.2,193.9,185.3,210.2,218.4,169.5,2,16,36,488,2.8,1,7,,,,,13285,
262,Marvin Mims,WR,DEN,10,,60.4,56.4,42.9,194.7,435.3,192.2,219.5,169.9,2,16,23,257,1.5,5,30,0.2,,,,9494,
263,Najee Harris,RB,NYG,8,,45.0,23.8,21.3,194.8,413.1,169.8,220.6,169.0,2,16,5,40,0.1,64,256,1.7,,,,7528,
264,Cairo Santos,K,CHI,10,,104.5,100.0,100.0,195.1,420.6,190.3,223.9,166.2,2,16,,,,,,,,,,2020,17427
265,Dallas Cowboys,DEF,DAL,14,,86.0,86.0,86.0,195.3,199.9,200.5,195.3,,1,1,,,,,,,,,,DAL,
266,David Njoku,TE,LAC,7,IR,58.0,46.5,35.0,195.4,195.2,130.6,221.0,169.9,2,18,23,230,2.0,,,,,,,4033,3123076
267,Rashod Bateman,WR,BAL,13,,95.1,84.3,66.3,195.6,351.7,173.8,232.7,169.1,3,16,32,455,2.9,,,,,,,7571,
268,Ray Davis,RB,BUF,7,,40.1,60.6,56.1,196.2,189.9,167.3,223.3,169.2,2,16,6,45,0.1,44,186,1.7,,,,11575,
269,J.J. McCarthy,QB,NYG,8,,74.9,13.6,13.6,196.5,411.4,227.1,224.2,168.8,2,14,,,,22,95,1.5,1226,6.4,6,11565,
270,Mason Taylor,TE,NYJ,13,,73.6,76.4,56.4,197.1,418.8,137.5,224.3,169.9,2,16,32,294,2.1,,,,,,,12498,
271,Jaylen Wright,RB,MIA,6,Questionable,71.9,41.1,38.1,197.3,189.1,174.4,247.9,169.0,3,15,11,80,0.5,89,373,2.4,,,,11643,
272,Isaac TeSlaa,WR,DET,6,,90.3,73.1,59.1,197.8,199.3,183.7,226.5,169.2,2,16,29,414,3.3,2,9,,,,,12535,
273,Nicholas Singleton,RB,TEN,9,,42.7,57.7,51.7,198.2,192.4,166.7,226.4,170.0,2,16,12,87,1.0,51,214,1.5,,,,13288,
274,Pat Freiermuth,TE,PIT,9,,118.5,102.9,77.4,198.5,195.3,187.0,239.9,168.6,3,16,48,482,3.6,3,7,0.1,,,,7600,
275,Pat Bryant,WR,DEN,10,IR,96.4,78.9,61.4,198.8,196.5,171.6,227.2,170.5,2,18,35,425,3.0,2,9,,,,,12492,
276,Tory Horton,WR,SEA,11,,63.9,76.5,61.0,199.3,215.1,199.4,228.7,170.0,2,16,21,291,2.2,1,9,,,,,12497,
277,Germie Bernard,WR,PIT,9,,63.2,80.9,62.9,199.8,205.6,193.6,229.8,169.7,2,16,23,279,1.9,2,10,,,,,13274,
278,Ryan Flournoy,WR,DAL,14,,116.6,97.7,74.2,199.9,200.4,198.5,230.7,169.2,2,16,44,523,3.2,2,13,,,,,11783,
279,Greg Dulcich,TE,MIA,6,,92.1,87.4,63.9,200.1,206.6,,229.7,170.4,2,16,39,397,2.2,,,,,,,8172,
280,James Conner,RB,ARI,14,IR,57.2,51.7,46.2,200.4,197.9,92.4,230.8,170.0,2,18,11,82,1.0,53,220,2.0,,,,4137,3045147
281,Theo Johnson,TE,NYG,8,,54.1,61.5,46.0,201.0,216.3,144.2,232.2,169.8,2,16,21,242,1.5,,,,,,,11597,
282,Cade Otton,TE,TB,10,,112.2,95.8,69.3,201.4,207.9,147.5,233.1,169.8,2,16,49,517,2.0,,,,,,,8111,
283,Gunnar Helm,TE,TEN,9,,103.7,101.8,73.3,201.8,207.2,152.6,233.1,170.4,2,16,45,431,2.5,,,,,,,12502,
284,Shedeur Sanders,QB,CLE,11,,97.1,97.1,97.1,202.8,425.8,227.4,236.1,169.4,2,18,,,,26,88,2.0,1433,7.0,5,12524,
285,Tua Tagovailoa,QB,ATL,11,,93.0,93.0,93.0,203.1,214.0,238.8,236.5,169.7,2,18,,,,14,30,,1499,9.0,6,6768,4241479
286,Kimani Vidal,RB,LAC,7,,60.2,53.0,46.0,203.9,198.6,140.7,237.8,169.9,2,16,16,134,0.9,47,192,1.4,,,,11647,
287,Jack Bech,WR,LV,13,IR,77.9,62.9,47.9,204.1,423.4,207.7,238.2,170.0,2,18,30,350,2.0,1,9,,,,,12483,
288,Green Bay Packers,DEF,GB,11,,86.0,86.0,86.0,204.2,209.6,199.5,204.2,,1,1,,,,,,,,,,GB,
289,Eli Stowers,TE,PHI,10,IR,81.4,65.9,50.4,204.4,209.4,139.8,238.9,169.9,2,18,31,319,3.0,2,5,,,,,13349,
290,Kaytron Allen,RB,MIA,6,,45.9,41.9,37.9,204.6,201.8,156.6,239.1,170.1,2,18,8,59,,53,220,2.0,,,,13405,
291,Ted Hurst,WR,TB,10,,87.7,79.9,61.9,204.8,204.8,196.2,239.6,169.9,2,16,32,406,2.3,2,13,,,,,13317,
292,Chris Bell,WR,MIA,6,,80.5,54.7,42.2,205.4,183.7,202.9,240.9,169.9,2,16,30,393,1.9,1,3,,,,,13311,
293,Jake Tonges,TE,SF,8,IR,70.8,55.8,40.8,205.7,211.4,177.5,241.4,169.9,2,18,30,288,2.0,,,,,,,8698,
294,Sean Tucker,RB,TB,10,,38.0,48.5,44.5,206.9,209.6,154.5,243.9,169.9,2,16,8,57,,51,220,1.7,,,,9506,
295,Max Klare,TE,LAR,11,,56.1,45.1,34.1,209.4,432.1,211.5,248.8,170.0,2,18,22,221,2.0,,,,,,,13278,
296,Darnell Mooney,WR,NYG,8,,71.1,60.9,48.4,209.6,214.6,194.4,249.2,169.9,2,16,24,356,1.7,2,11,0.1,,,,7090,4040655
297,Colby Parkinson,TE,LAR,11,,68.5,61.8,47.3,210.6,215.8,135.7,251.4,169.8,2,16,26,258,2.9,,,,,,,6865,4242557
298,Calvin Ridley,WR,TEN,9,,56.9,63.8,50.3,211.4,210.1,156.2,253.2,169.6,2,16,20,281,1.5,1,6,,,,,4981,3925357
299,Wil Lutz,K,DEN,10,,99.2,100.0,100.0,211.4,420.3,177.2,253.3,169.4,2,16,,,,,,,,,,3678,2985659
300,Devin Neal,RB,,,,31.9,28.4,24.9,211.9,685.9,168.5,211.9,,1,18,7,49,,39,160,1.0,,,,12476,
301,San Francisco 49ers,DEF,SF,8,,84.0,84.0,84.0,213.8,215.6,208.4,213.8,,1,1,,,,,,,,,,SF,
302,Buffalo Bills,DEF,BUF,7,,84.0,84.0,84.0,215.1,683.5,220.0,215.1,,1,1,,,,,,,,,,BUF,
303,Chicago Bears,DEF,CHI,10,,85.0,85.0,85.0,215.8,215.6,204.4,215.8,,1,1,,,,,,,,,,CHI,
304,Indianapolis Colts,DEF,IND,13,,84.0,84.0,84.0,219.0,698.7,215.0,219.0,,1,1,,,,,,,,,,IND,
305,Kansas City Chiefs,DEF,KC,5,,87.0,87.0,87.0,222.9,219.3,183.2,222.9,,1,1,,,,,,,,,,KC,
306,Nick Folk,K,ATL,11,,103.5,95.0,95.0,227.2,398.6,249.0,285.5,168.9,2,16,,,,,,,,,,650,10621
307,Atlanta Falcons,DEF,ATL,11,,83.0,83.0,83.0,228.4,696.9,224.2,228.4,,1,1,,,,,,,,,,ATL,
308,Jaydon Blue,RB,PHI,10,,56.6,52.1,47.6,228.6,233.1,188.8,228.6,,1,18,9,67,,68,289,2.0,,,,12457,
309,Elijah Sarratt,WR,BAL,13,,61.4,50.4,39.4,229.2,695.8,200.6,229.2,,1,18,22,270,2.0,1,4,,,,,13268,
310,Chimere Dike,WR,TEN,9,,89.4,70.4,51.4,229.4,657.8,174.6,229.4,,1,18,38,384,2.0,6,30,,,,,12540,
311,Tampa Bay Buccaneers,DEF,TB,10,,81.0,81.0,81.0,232.4,657.3,228.5,232.4,,1,1,,,,,,,,,,TB,
312,Tyler Bass,K,BUF,7,,105.8,103.0,103.0,233.7,420.0,288.0,299.0,168.3,2,16,,,,,,,,,,7042,3917232
313,Carolina Panthers,DEF,CAR,5,,81.0,81.0,81.0,238.4,658.6,233.2,238.4,,1,1,,,,,,,,,,CAR,
314,New York Giants,DEF,NYG,8,,86.0,86.0,86.0,238.6,695.4,188.9,238.6,,1,1,,,,,,,,,,NYG,
315,Cincinnati Bengals,DEF,CIN,6,,79.0,79.0,79.0,241.2,648.8,236.6,241.2,,1,1,,,,,,,,,,CIN,
316,Elic Ayomanor,WR,TEN,9,,56.7,46.7,36.7,241.5,699.1,184.8,241.5,,1,18,20,247,2.0,,,,,,,12499,
317,Christian Kirk,WR,SF,8,IR,46.4,36.9,27.4,241.7,692.7,209.5,241.7,,1,18,19,205,1.0,1,9,,,,,4950,3895856
318,Troy Franklin,WR,DEN,10,,66.1,54.1,42.1,241.8,263.6,170.5,241.8,,1,18,24,287,2.0,2,14,,,,,11627,
319,New Orleans Saints,DEF,NO,8,,77.0,77.0,77.0,244.6,698.8,240.2,244.6,,1,1,,,,,,,,,,NO,
320,Michael Trigg,TE,DAL,14,,33.8,26.8,19.8,249.7,689.9,212.3,249.7,,1,18,14,138,1.0,,,,,,,13401,
321,Brandon Aiyuk,WR,SF,8,DNR,49.6,41.6,33.6,251.4,267.4,176.7,251.4,,1,18,16,213,2.0,,3,,,,,6803,4360438
322,Dominic Zvada,K,NYG,8,,85.3,66.0,66.0,261.9,423.3,330.4,355.3,168.6,2,16,,,,,,,,,,13833,
323,Spencer Shrader,K,IND,13,,96.7,75.0,75.0,263.3,399.7,355.0,378.0,148.6,2,16,,,,,,,,,,12185,
324,Matt Gay,K,LV,13,,75.0,75.0,75.0,263.3,670.4,239.0,263.3,,1,18,,,,,,,,,,6083,4249087
325,Cleveland Browns,DEF,CLE,11,,74.0,74.0,74.0,266.6,671.5,260.0,266.6,,1,1,,,,,,,,,,CLE,
326,Tennessee Titans,DEF,TEN,9,,67.0,67.0,67.0,270.2,680.8,266.0,270.2,,1,1,,,,,,,,,,TEN,
327,Arizona Cardinals,DEF,ARI,14,,66.0,66.0,66.0,273.0,699.2,269.0,273.0,,1,1,,,,,,,,,,ARI,
328,Las Vegas Raiders,DEF,LV,13,,65.0,65.0,65.0,279.3,686.9,275.0,279.3,,1,1,,,,,,,,,,LV,
329,New York Jets,DEF,NYJ,13,,64.0,64.0,64.0,282.2,690.0,278.0,282.2,,1,1,,,,,,,,,,NYJ,
330,Miami Dolphins,DEF,MIA,6,,62.0,62.0,62.0,299.0,685.0,299.0,299.0,,1,1,,,,,,,,,,MIA,
331,Andre Szmyt,K,CLE,11,,84.0,84.0,84.0,342.0,667.9,319.0,342.0,,1,18,,,,,,,,,,11261,
332,Ryan Fitzgerald,K,CAR,5,,92.0,92.0,92.0,347.0,659.9,327.0,347.0,,1,18,,,,,,,,,,12961,
333,Chad Ryland,K,ARI,14,,89.0,89.0,89.0,350.0,653.7,324.0,350.0,,1,18,,,,,,,,,,10955,
334,Joey Slye,K,TEN,9,,84.0,84.0,84.0,351.0,631.1,325.0,351.0,,1,18,,,,,,,,,,6528,3124084
335,Dohnte Meyers,WR,CIN,6,,36.0,27.5,19.0,392.2,421.7,157.0,627.5,,2,18,17,190,,,,,,,,13264,
336,Drew Stevens,K,WAS,7,,90.0,74.0,74.0,399.8,411.5,,629.7,169.8,2,16,,,,,,,,,,13968,
337,Austin Hooper,TE,ATL,11,,33.2,26.2,19.2,430.0,629.7,,430.0,,1,18,14,132,1.0,,,,,,,3202,3043275
338,John Michael Gyllenborg,TE,KC,5,IR,40.4,34.9,29.4,611.2,696.3,,611.2,,1,18,11,114,1.0,,,,,,,13342,
339,Jackson Hawes,TE,BUF,7,,31.9,25.4,18.9,613.5,661.1,,613.5,,1,18,13,129,1.0,,,,,,,12658,
340,Joe Royer,TE,CLE,11,PUP,57.8,46.3,34.8,683.0,553.0,,683.0,,1,18,23,228,2.0,,,,,,,13435,
341,Kendrick Bourne,WR,ARI,14,,77.4,61.9,46.4,,672.6,,,,0,18,31,344,2.0,,,,,,,4454,3045523
342,Darius Slayton,WR,IND,13,Questionable,76.3,63.3,50.3,,668.0,,,,0,18,26,383,2.0,,,,,,,6149,3916945
343,Olamide Zaccheaus,WR,ATL,11,,75.8,60.8,45.8,,697.7,,,,0,18,30,326,2.0,2,12,,,,,6271,3917914
344,Demarcus Robinson,WR,SF,8,IR,73.4,59.9,46.4,,679.0,,,,0,18,27,344,2.0,,,,,,,3286,3043116
345,Marquise Brown,WR,PHI,10,Out,67.5,55.0,42.5,,684.9,,,,0,18,25,305,2.0,,,,,,,5848,4241372
346,Skyler Bell,WR,BUF,7,,63.6,52.6,41.6,,691.0,,,,0,18,22,291,2.0,1,5,,,,,13402,
347,Barion Brown,WR,NO,8,Questionable,63.0,52.0,41.0,,668.3,,,,0,18,22,290,2.0,,,,,,,13533,
348,Isaiah Bond,WR,CLE,11,,62.8,51.8,40.8,,682.5,,,,0,18,22,269,2.0,3,19,,,,,12503,
349,Will Kacmarek,TE,MIA,6,,61.6,49.1,36.6,,537.3,,,,0,18,25,246,2.0,,,,,,,13434,
350,Malik Benson,WR,LV,13,,60.6,50.1,39.6,,543.5,,,,0,18,21,276,2.0,,,,,,,13329,
351,Josh Cameron,WR,JAX,7,,59.6,49.1,38.6,,655.8,,,,0,18,21,244,2.0,4,22,,,,,13394,
352,Justin Joly,TE,MIA,6,Out,58.0,46.5,35.0,,683.8,,,,0,18,23,230,2.0,,,,,,,13400,
353,Zavion Thomas,WR,CHI,10,,57.2,47.2,37.2,,673.4,,,,0,18,20,252,2.0,,,,,,,13411,
354,Jack Endries,TE,CIN,6,,53.3,42.8,32.3,,508.3,,,,0,18,21,203,2.0,,,,,,,13282,
355,John Metchie,WR,CAR,5,,48.8,38.8,28.8,,696.9,,,,0,18,20,220,1.0,1,8,,,,,8147,
356,Greg Dortch,WR,BUF,7,,48.1,37.6,27.1,,584.5,,,,0,18,21,215,1.0,3,16,,,,,5970,4037235
357,Elijah Higgins,TE,ARI,14,,41.9,32.9,23.9,,668.1,,,,0,18,18,179,1.0,,,,,,,10231,
358,Konata Mumpfield,WR,LAR,11,,41.7,33.7,25.7,,678.2,,,,0,18,16,197,1.0,,,,,,,12718,
359,Daniel Bellinger,TE,TEN,9,,40.1,31.6,23.1,,680.8,,,,0,18,17,171,1.0,,,,,,,8225,
360,Oscar Delp,TE,NO,8,,39.4,30.9,22.4,,677.9,,,,0,18,17,164,1.0,,,,,,,13319,
361,CJ Daniels,WR,LAR,11,,39.3,31.8,24.3,,649.6,,,,0,18,15,177,1.0,1,6,,,,,13270,
362,Brenen Thompson,WR,LAC,7,Out,39.0,32.0,25.0,,662.8,,,,0,18,14,190,1.0,,,,,,,13380,
363,Bryce Lance,WR,NO,8,,38.7,31.2,23.7,,571.1,,,,0,18,15,177,1.0,,,,,,,13420,
364,Tez Johnson,WR,TB,10,,38.4,31.4,24.4,,673.8,,,,0,18,14,174,1.0,2,10,,,,,12485,
365,Charlie Kolar,TE,LAC,7,Questionable,38.4,30.4,22.4,,660.8,,,,0,18,16,162,1.0,1,2,,,,,8127,
366,Jaylin Lane,WR,WAS,7,IR,37.7,30.7,23.7,,691.0,,,,0,18,14,163,1.0,2,14,,,,,12641,
367,Zach Ertz,TE,PHI,10,,36.7,28.7,20.7,,646.0,,,,0,18,16,147,1.0,,,,,,,1339,15835
368,Noah Fant,TE,NO,8,,36.6,29.1,21.6,,642.2,,,,0,18,15,156,1.0,,,,,,,5857,4036131
369,Trevor Etienne,RB,CAR,5,IR,36.2,32.2,28.2,,690.4,,,,0,18,8,58,,40,164,1.0,,,,12531,
370,Jonnu Smith,TE,GB,11,,35.9,28.4,20.9,,695.2,,,,0,18,15,139,1.0,2,10,,,,,4144,3054212
371,KeAndre Lambert-Smith,WR,LAC,7,IR,35.5,29.0,22.5,,649.1,,,,0,18,13,159,1.0,1,6,,,,,12670,
372,Treylon Burks,WR,WAS,7,,34.8,28.8,22.8,,678.8,,,,0,18,12,152,1.0,3,16,,,,,8135,
373,Jalen Royals,WR,KC,5,,33.9,27.4,20.9,,686.3,,,,0,18,13,143,1.0,1,6,,,,,12505,
374,Sam Roush,TE,CHI,10,,33.5,26.5,19.5,,630.0,,,,0,18,14,135,1.0,,,,,,,13322,
375,Israel Abanikanda,RB,DAL,14,,33.3,28.8,24.3,,678.7,,,,0,18,9,59,,34,124,1.0,,,,9227,
376,Cade Stover,TE,HOU,8,,33.2,26.2,19.2,,682.7,,,,0,18,14,130,1.0,2,2,,,,,11599,
377,Tanner Koziol,TE,JAX,7,,32.8,25.8,18.8,,,,,,0,18,14,128,1.0,,,,,,,13408,
378,Joshua Palmer,WR,BUF,7,Questionable,32.6,26.6,20.6,,624.0,,,,0,18,12,146,1.0,,,,,,,7670,
379,Savion Williams,WR,GB,11,IR,32.0,27.0,22.0,,678.8,,,,0,18,10,118,1.0,6,42,,,,,12482,
380,Matt Hibner,TE,BAL,13,,31.8,25.3,18.8,,685.5,,,,0,18,13,128,1.0,,,,,,,13324,
381,Tommy Tremble,TE,CAR,5,,31.8,25.3,18.8,,597.0,,,,0,18,13,128,1.0,,,,,,,7694,
382,Blake Grupe,K,NYJ,13,,99.0,99.0,99.0,,689.4,,,,0,18,,,,,,,,,,11058,
383,Jason Sanders,K,NYJ,13,,90.0,90.0,90.0,,582.2,,,,0,18,,,,,,,,,,5119,3124679
384,Washington Commanders,DEF,WAS,7,,75.0,75.0,75.0,,677.8,,,,0,1,,,,,,,,,,WAS,
